Longitude;Latitude;LengthOfVisit;MuseumName;Rank;Rating;ReviewCount;TotalThingsToDo
-77.0192351;38.8931385;2-3 hours ;Newseum;8;4.5;6,309;398
-73.9629278;40.7791655;2-3 hours ;The Metropolitan Museum of Art;2;5.0;36,627;1,028
-90.07008599999999;29.9430044;NA;The National WWII Museum;1;5.0;15,611;319
-104.94102;39.76918939999999;NA;Denver Museum of Nature & Science;4;4.5;2,564;231
-87.6237238;41.8795473;More than 3 hours ;Art Institute of Chicago;1;5.0;15,532;614
-74.0124786;40.7114147;1-2 hours ;The National 9/11 Memorial & Museum;3;4.5;48,437;1,028
-71.0850239;42.3428415;2-3 hours ;Museum of Fine Arts;2;4.5;5,48;371
-87.61698620000001;41.8661733;More than 3 hours ;The Field Museum;9;4.5;5,5;614
-77.02596129999999;38.89210370000001;2-3 hours ;Smithsonian National Museum of Natural History;12;4.5;7,64;398
-77.01990479999999;38.8875682;2-3 hours ;Smithsonian National Air and Space Museum;3;4.5;14,492;398
-73.9717106;40.7820454;More than 3 hours ;American Museum of Natural History;32;4.5;13,992;1,028
;;;;;;;
;;;;;;;
-87.2866995;30.355867;More than 3 hours ;National Naval Aviation Museum;1;5.0;4,057;103
-90.661378;42.496887;2-3 hours ;National Mississippi River Museum & Aquarium;2;4.5;1,036;62
-76.65212989999999;40.2852523;NA;The Hershey Story;4;4.5;1,127;32
-75.18116160000001;39.9658015;1-2 hours ;Philadelphia Museum of Art;1;4.5;4,713;423
-82.5645578;27.382924;NA;The Ringling;1;4.5;4,45;131
-117.1495479;32.7311048;More than 3 hours ;Balboa Park;3;4.5;7,453;408
-118.4751057;34.0790329;2-3 hours ;The Getty Center;1;5.0;9,418;502
-95.38926149999999;29.7215988;More than 3 hours ;The Houston Museum of Natural Science;1;4.5;3,07;261
-77.0326078;38.8867068;NA;United States Holocaust Memorial Museum;5;4.5;7,031;398
-115.1412426;36.1728147;2-3 hours ;The Mob Museum;12;4.5;5,115;447
-118.3588851;34.0637913;2-3 hours ;Los Angeles County Museum of Art;9;4.5;1,855;502
;;;;;;;
-122.2966729;47.5182137;2-3 hours ;The Museum of Flight;2;4.5;4,356;423
-96.80661579999999;32.7869275;NA;Perot Museum of Nature and Science;5;4.5;2,242;224
;;;;;;;
-122.3345508;47.6105075;NA;EMP Museum;16;4.0;4,067;423
-122.4585992;37.8013387;NA;Walt Disney Family Museum;15;4.5;1,894;522
-115.135146;36.176947;1-2 hours ;The Neon Museum;20;4.5;2,507;447
-73.9771203;40.761417;2-3 hours ;The Museum of Modern Art (MoMA);28;4.5;10,591;1,028
-99.3306556;43.810828;NA;Akta Lakota Museum;1;5.0;147;7
;;;;;;;
-82.6314787;27.7659759;NA;The Dali Museum;1;4.5;5,11;120
-96.8084731;32.7798567;2-3 hours ;The Sixth Floor Museum/Texas School Book Depository;2;4.5;5,628;224
-90.0575008;35.1346041;NA;National Civil Rights Museum - Lorraine Motel;1;4.5;4,682;147
-118.3554627;34.0638208;1-2 hours ;La Brea Tar Pits and Museum;15;4.5;1,878;502
-110.8681253;32.1614426;NA;Pima Air & Space Museum;3;4.5;2,861;265
-83.5789351;35.82055;NA;Titanic Museum Attraction;1;4.5;6,212;86
-77.02348529999999;38.8969085;2-3 hours ;International Spy Museum;46;4.0;3,553;398
-118.2861256;34.0171157;More than 3 hours ;Natural History Museum of Los Angeles County;11;4.5;886;502
-85.7639901;38.2570582;1-2 hours ;Louisville Slugger Museum & Factory;2;4.5;3,766;160
-112.0722009;33.4724737;NA;Heard Museum;3;4.5;1,698;218
-74.00670099999999;40.7412308;1-2 hours ;Ground Zero Museum Workshop;19;5.0;2,588;1,028
-118.3614346;34.0619358;1-2 hours ;Petersen Automotive Museum;10;4.5;1,018;502
-94.5859443;39.0810093;NA;National World War I Museum and Memorial;1;5.0;3,163;147
NA;NA;1-2 hours ;Bishop Museum;15;4.5;1,817;311
-117.175658;32.7137622;More than 3 hours ;USS Midway Museum;1;4.5;15,105;408
-90.2004238;38.6335758;NA;City Museum;4;4.5;4,331;242
-122.497668;37.7813454;NA;Legion of Honor;16;4.5;1,431;522
-104.9902678;39.7313797;NA;Denver Art Museum;5;4.5;2,084;231
-81.6119252;41.5090158;NA;Cleveland Museum of Art;1;5.0;2,076;165
-86.1579106;39.8107901;NA;Children's Museum of Indianapolis;1;4.5;2,694;157
-83.2333161;42.3002415;NA;The Henry Ford;1;5.0;2,884;20
-122.4686651;37.7714658;NA;de Young Museum;26;4.5;1,417;522
;;;;;;;
-121.9225245;37.3327179;NA;Rosicrucian Egyptian Museum;2;4.5;516;125
-71.0646337;42.3652917;2-3 hours ;Museum of Science;21;4.5;2,328;371
-76.9855034;38.8947822;2-3 hours ;National Museum of American History;32;4.5;3,161;398
-94.5806233;39.0445698;NA;Nelson-Atkins Museum of Art;2;5.0;1,984;147
-97.48334899999999;35.535713;NA;National Cowboy & Western Heritage Museum;2;4.5;1,278;118
-93.2800426;36.6383418;NA;Titanic Museum;6;4.5;3,899;168
-85.41994179999999;42.4404812;NA;Gilmore Car Museum;1;5.0;367;3
;;;;;;;
-80.14792899999999;26.1210369;2-3 hours ;Museum of Discovery and Science;1;4.0;766;19
-71.09895589999999;42.338227;1-2 hours ;Isabella Stewart Gardner Museum;12;4.5;1,868;371
-73.9900373;40.7187792;1-2 hours ;Tenement Museum;27;4.5;4,446;1,028
-70.892225;42.5215344;NA;Peabody Essex Museum;1;4.5;1,317;75
-79.9499151;40.4431957;More than 3 hours ;Carnegie Museum of Natural History;5;4.5;1,03;150
-86.7762664;36.1583339;2-3 hours ;Country Music Hall of Fame and Museum;3;4.5;7,374;238
-76.9984522;38.8920125;NA;National Gallery of Art;2;5.0;6,273;398
-78.6395502;35.7822735;NA;North Carolina Museum of Natural Sciences;1;4.5;1,417;140
-77.0229632;38.897203;NA;Smithsonian American Art Museum;27;4.5;1,074;398
-84.1097834;39.7818731;NA;National Museum of the U.S. Air Force;1;5.0;2,905;60
-83.5592918;41.6584327;NA;Toledo Museum of Art;1;5.0;744;73
-109.0742033;44.5242379;2-3 hours ;Buffalo Bill Center of the West;1;5.0;2,777;54
-97.73917100000001;30.2802961;NA;Bullock Texas State History Museum;4;4.5;1,73;296
-95.385113;29.7226824;More than 3 hours ;Children's Museum of Houston;4;4.5;1,165;261
-83.0769449;35.5137182;NA;Wheels Through Time Transportation Museum;1;5.0;983;19
-71.0512904;42.3521949;NA;Boston Tea Party Ships & Museum;7;4.5;3,589;371
-122.350849;47.6215818;NA;Chihuly Garden and Glass;1;5.0;14,08;423
-85.7708646;38.2057356;2-3 hours ;Kentucky Derby Museum;3;4.5;1,87;160
-84.95531869999999;32.3886366;NA;National Infantry Museum and Soldier Center;1;5.0;1,441;43
-111.6656199;35.2344992;NA;Museum of Northern Arizona;9;4.5;365;96
-98.8671543;30.2719842;More than 3 hours ;National Museum of the Pacific War;1;5.0;1,826;93
-75.226624;39.910907;NA;Simeone Foundation Automotive Museum;36;4.5;183;423
;;;;;;;
-94.2031628;36.3817069;NA;Crystal Bridges Museum of American Art;1;5.0;2,848;23
-77.05404779999999;42.1498385;NA;Corning Museum of Glass;1;4.5;2,295;19
-121.504009;38.584422;1-2 hours ;California State Railroad Museum;1;5.0;1,81;160
-71.0354013;42.3148523;2-3 hours ;John F. Kennedy Presidential Museum & Library;8;4.5;2,362;371
-95.39048249999999;29.7256798;More than 3 hours ;Museum of Fine Arts, Houston;2;4.5;1,66;261
-75.17262579999999;39.95813890000001;2-3 hours ;The Franklin Institute;15;4.5;1,936;423
-96.8009683;32.7877263;2-3 hours ;Dallas Museum of Art;7;4.5;1,315;224
-84.53747369999999;39.1098737;NA;Cincinnati Museum Center at Union Terminal;5;4.5;1,41;163
-70.283868;41.6517;NA;John F Kennedy Hyannis Museum;2;4.0;581;32
-149.8846131;61.2160934;1-2 hours ;Anchorage Museum at Rasmuson Center;4;4.5;1,775;212
-116.5500145;33.8242967;NA;Palm Springs Art Museum;5;4.5;1,009;114
-84.38493509999999;33.7891582;NA;High Museum of Art;8;4.5;1,465;268
-76.61636469999999;39.2965737;NA;The Walters Art Museum;3;5.0;1,046;213
-104.9707623;39.7778139;NA;Forney Museum of Transportation;19;4.5;274;231
-77.4749303;37.5557962;NA;Virginia Museum of Fine Arts;1;5.0;1,773;160
-97.4418414;35.3648349;NA;Museum of Osteology;3;5.0;880;118
-122.331905;47.6095072;2-3 hours ;Seattle Art Museum;27;4.5;1,042;423
;;;;;;;
-87.8969218;43.0398427;NA;Milwaukee Art Museum;1;4.5;1,753;158
-95.3856342;29.7251287;2-3 hours ;Holocaust Museum Houston;10;4.5;608;261
-105.9264916;35.6640459;1-2 hours ;Museum of International Folk Art;1;4.5;1,366;249
-73.759688;42.650347;NA;New York State Museum;2;4.5;685;62
NA;NA;1-2 hours ;US Army Museum of Hawaii;18;4.5;1,411;311
-73.9932872;40.7602619;More than 3 hours ;Intrepid Sea, Air & Space Museum;38;4.5;5,657;1,028
-118.1592383;34.1462414;NA;Norton Simon Museum;1;5.0;839;58
-70.2622758;43.65386729999999;NA;Portland Museum of Art;2;4.5;984;141
-73.977857;40.7812427;1-2 hours ;New-York Historical Society Museum & Library;119;4.0;479;1,028
-75.1725901;39.9605194;More than 3 hours ;The Barnes Foundation;2;4.5;3,365;423
-71.0531196;42.3743084;NA;USS Constitution Museum;22;4.5;2,571;371
-77.44439190000001;38.9108615;NA;Smithsonian National Air and Space Museum Steven F. Udvar-Hazy Center;1;5.0;2,993;13
-97.4612171;27.7980829;NA;Selena Museum;10;4.5;168;70
-87.92132439999999;43.0407097;2-3 hours ;Milwaukee Public Museum;5;4.5;721;158
-81.31377049999999;29.8907826;NA;The Lightner Museum;16;4.5;1,678;164
-87.62653999999999;41.8943149;1-2 hours ;Richard H. Driehaus Museum;14;4.5;919;614
-84.3277485;33.7739166;NA;Fernbank Museum of Natural History;29;4.0;710;268
-105.941257;35.6892437;<1 hour ;Georgia O'Keeffe Museum;12;4.0;2,838;249
;;;;;;;
-78.7023732;35.8101128;NA;North Carolina Museum of Art;2;4.5;1,13;140
-77.600709;43.152744;2-3 hours ;The Strong National Museum of Play;1;5.0;1,406;134
-88.037548;30.6883497;More than 3 hours ;GulfQuest National Maritime Museum of the Gulf of Mexico;4;4.5;131;63
-76.6016324;39.2739568;NA;Baltimore Museum of Industry;21;4.5;186;213
-78.885548;35.0559494;2-3 hours ;Airborne and Special Operations Museum;1;5.0;666;46
-111.8227101;40.764126;2-3 hours ;Natural History Museum of Utah;4;4.5;815;140
-111.5018079;33.4467979;NA;Superstition Mountain Museum;6;4.5;216;17
-122.4661436;37.769731;2-3 hours ;California Academy of Sciences;13;4.5;4,032;522
-80.21197529999999;25.7462559;1-2 hours ;Vizcaya Museum and Gardens;2;4.5;4,335;318
-87.9162042;43.0311282;NA;Harley-Davidson Museum;2;4.5;1,847;158
-73.33598769999999;42.28794370000001;NA;Norman Rockwell Museum;1;4.5;1,419;11
-94.5814884;39.1094441;NA;Arabia Steamboat Museum;3;4.5;1,33;147
-86.7344466;36.1403531;1-2 hours ;Lane Motor Museum;12;4.5;555;238
-98.488951;29.426205;1-2 hours ;The Buckhorn Saloon and Texas Ranger Museum;33;4.0;685;255
-118.2505584;34.0544714;1-2 hours ;The Broad;17;4.5;464;502
-81.6766186;30.3151385;NA;The Cummer Museum of Art and Gardens;3;4.5;750;152
-105.0780978;40.5934071;NA;Fort Collins Museum of Discovery;9;4.5;152;102
-75.1751049;39.9611685;NA;Rodin Museum;12;4.5;925;423
-89.6554666;39.7966545;1-2 hours ;Illinois State Museum;7;4.5;250;53
-123.8231015;46.1899486;NA;Columbia River Maritime Museum;1;4.5;1,092;44
-80.8460822;35.2326781;NA;Mint Museum Uptown;14;4.5;320;165
-112.0727233;33.4667324;NA;Phoenix Art Museum;10;4.5;644;218
-122.4117153;37.7947812;<1 hour ;Cable Car Museum;18;4.5;2,546;522
-122.6835819;45.5162987;NA;Portland Art Museum;15;4.5;731;433
-86.1857647;39.8260205;More than 3 hours ;Indianapolis Museum of Art;4;4.5;1,038;157
-86.6141604;33.5333816;NA;Barber Vintage Motorsports Museum;1;5.0;681;85
-75.20902629999999;39.9795048;1-2 hours ;Please Touch Museum;11;4.5;1,021;423
-97.2108233;38.9114844;NA;Dwight D. Eisenhower Library and Museum;1;4.5;470;9
-97.3651127;32.7485781;NA;Kimbell Art Museum;1;5.0;993;145
-73.96366139999999;40.6709661;NA;Brooklyn Museum;8;4.5;960;203
-86.4808043;36.9685219;NA;National Corvette Museum;1;4.5;1,619;42
-94.68120859999999;29.4345626;1-2 hours ;Ocean Star Offshore Drilling Rig & Museum;5;4.5;566;97
-90.0312187;35.1155282;1-2 hours ;Stax Museum of American Soul Music;5;4.5;1,252;147
-90.0511071;35.138055;NA;Memphis Rock 'n' Soul Museum;7;4.5;1,521;147
-96.8076653;32.7802354;2-3 hours ;Dallas Holocaust Museum;27;4.5;298;224
-96.7778216;32.840889;1-2 hours ;The George W. Bush Presidential Library and Museum;4;4.5;2,232;224
-86.78181219999999;36.1644861;2-3 hours ;Tennessee State Museum;21;4.5;538;238
-80.93009099999999;35.219796;NA;Carolinas Aviation Museum;9;4.5;407;165
-70.8899584;42.5244945;NA;Salem Witch Museum;18;3.0;1,757;75
-79.93575290000001;32.789884;NA;Charleston Museum;23;4.5;559;219
-77.3433953;38.5442068;NA;National Museum of the Marine Corps;1;5.0;735;4
-88.6000478;37.0833893;<1 hour ;The National Quilt Museum;1;5.0;521;34
-93.2735347;44.958509;NA;Minneapolis Institute of Art;1;5.0;1,479;198
-76.606835;39.279813;NA;American Visionary Art Museum;6;4.5;1,122;213
-83.064319;42.3595031;NA;Detroit Institute of Arts;1;5.0;1,769;137
-82.400352;34.855882;NA;The Children's Museum of the Upstate;7;4.5;261;86
-73.93304289999999;40.8639624;More than 3 hours ;The Met Cloisters;24;4.5;3,845;1,028
;;;;;;;
-82.571517;27.49824;More than 3 hours ;South Florida Museum and Bishop Planetarium;2;4.5;555;70
-98.4567478;29.4855158;1-2 hours ;McNay Art Museum;9;4.5;614;255
-90.2839601;38.5061349;1-2 hours ;Missouri Civil War Museum;12;5.0;504;242
-85.676671;42.96570699999999;NA;Grand Rapids Public Museum;6;4.5;454;73
-77.2259778;39.8113676;NA;Gettysburg Museum & Visitor Center;2;4.5;3,651;95
-119.8088646;39.5259057;NA;National Automobile Museum;1;4.5;1,064;120
-75.1766375;39.9532011;1-2 hours ;Mutter Museum;26;4.0;1,126;423
-95.3698028;29.7604267;NA;Houston Museum District;8;4.5;554;261
-121.5065663;38.5770462;NA;Crocker Art Museum;2;4.5;716;160
-79.9284011;32.7778373;NA;Old Slave Mart Museum;35;4.0;716;219
-80.00249740000001;40.4483738;NA;Andy Warhol Museum;19;4.0;771;150
-95.96989789999999;36.1237708;NA;Philbrook Museum of Art;1;5.0;801;110
-78.7583432;37.8131025;NA;Walton's Mountain Museum;1;4.0;161;2
-82.6318678;27.7744731;2-3 hours ;Museum of Fine Arts;7;4.5;584;120
-98.48215970000001;29.4373035;2-3 hours ;San Antonio Museum of Art;15;4.5;557;255
-73.9872646;40.7440298;1-2 hours ;Museum of Sex;397;2.5;687;1,028
-76.2928793;36.8564944;NA;Chrysler Museum of Art;1;5.0;604;63
-122.3366394;47.62758640000001;2-3 hours ;Museum of History & Industry;17;4.5;558;423
-70.18848779999999;42.053017;1-2 hours ;Pilgrim Monument & Provincetown Museum;4;4.5;907;70
-104.9802503;39.7370796;NA;Kirkland Museum of Fine & Decorative Art;16;4.5;268;231
-85.62063169999999;44.7630567;NA;Dennos Museum Center;14;4.5;114;107
-118.2653836;34.0448196;NA;The Grammy Museum;28;4.5;574;502
-83.5774612;35.8152036;1-2 hours ;Hollywood Wax Museum;21;4.0;1,619;86
-89.9595329;35.1248831;NA;Pink Palace Museum;17;4.0;434;147
-121.342104;43.967656;More than 3 hours ;High Desert Museum;1;4.5;1,23;87
-73.99676199999999;40.734214;1-2 hours ;Museum Hack;8;5.0;1,174;558
-122.3976732;37.7992627;2-3 hours ;The Exploratorium;11;4.5;2,318;522
-74.0088604;40.7396091;1-2 hours ;Whitney Museum of American Art;13;4.5;1,95;259
-86.1677919;39.76857500000001;NA;The Eiteljorg Museum;8;4.5;601;157
-90.2945546;38.6393065;NA;Saint Louis Art Museum;7;4.5;850;242
-90.0713102;29.9436584;NA;Ogden Museum of Southern Art;38;4.5;419;319
-84.49710499999999;39.1139696;NA;Cincinnati Art Museum;6;4.5;627;163
-82.46414519999999;27.946377;NA;Henry B. Plant Museum;15;4.5;481;186
-147.8412227;64.85833029999999;2-3 hours ;University of Alaska Museum of the North;4;4.5;1,462;92
-116.504978;33.8325247;NA;Palm Springs Air Museum;2;4.5;1,152;114
-89.5106304;43.0953491;NA;National Mustard Museum;1;4.5;329;17
-73.9588816;40.783001;NA;Solomon R. Guggenheim Museum;110;3.5;3,644;1,028
-73.9896449;40.6903327;NA;New York Transit Museum;13;4.5;627;203
-111.0666308;45.6602895;2-3 hours ;Museum of the Rockies;1;4.5;981;59
-96.8354736;32.8423099;1-2 hours ;Frontiers of Flight Museum;26;4.5;241;224
-104.523223;33.3936489;NA;International UFO Museum and Research Center;1;3.5;1,471;24
;;;;;;;
-84.7836614;39.0859976;NA;Creation Museum;1;4.5;996;3
-120.8647706;45.6774581;NA;Maryhill Museum of Art;1;4.5;244;13
-78.6509511;41.9434516;NA;Zippo / Case Museum;1;4.5;211;14
-98.48221799999999;29.4166169;NA;Institute of Texan Cultures;29;4.5;302;255
-77.0262205;38.8884795;NA;National Portrait Gallery;15;4.5;2,125;398
-118.3922325;33.9247131;NA;Automobile Driving Museum;1;4.5;80;15
-73.9888728;40.7563592;1-2 hours ;Madame Tussauds New York;62;4.0;5,718;1,028
-122.4545563;37.7716702;<1 hour ;Golden Gate Park;6;4.5;6,648;522
-97.51702999999999;35.472973;NA;Oklahoma City National Memorial & Museum;1;5.0;2,942;118
-93.2573426;44.978894;NA;Mill City Museum;7;4.5;937;198
NA;NA;NA;Honolulu Museum of Art;19;4.5;835;311
-104.8955075;39.7208907;2-3 hours ;Wings Over the Rockies Air & Space Museum;17;4.5;418;231
-122.4160525;37.7802559;NA;Asian Art Museum;20;4.5;1,084;522
-83.0672037;42.3597913;1-2 hours ;Detroit Historical Museum;12;4.5;232;137
-71.4077447;41.8267054;NA;Rhode Island School of Design Museum of Art;1;4.5;586;107
-76.0281863;36.6789583;2-3 hours ;Military Aviation Museum;2;4.5;760;109
-85.323582;35.016992;NA;International Towing and Recovery Museum;28;4.5;129;145
-115.1483536;36.1140637;1-2 hours ;The National Atomic Testing Museum;57;4.0;998;447
-81.6117706;41.5116759;NA;Cleveland Museum of Natural History;22;4.5;388;165
-86.2336777;39.790307;NA;Indianapolis Motor Speedway Museum;3;4.5;1,886;157
-103.7294624;44.3757373;1-2 hours ;Adams Museum;1;4.5;394;40
-83.3205859;35.4770574;NA;Museum of the Cherokee Indian;3;4.5;878;32
-80.143497;26.102262;2-3 hours ;Fort Lauderdale Antique Car Museum;11;4.5;313;152
-79.79068480000001;36.0717418;2-3 hours ;International Civil Rights Center & Museum;1;4.5;589;64
-75.1484524;39.9502055;NA;National Museum of American Jewish History;10;4.5;777;423
-71.0495792;42.3518667;NA;Boston Children's Museum;30;4.5;661;371
-85.3122195;35.0526705;2-3 hours ;Creative Discovery Museum;4;4.5;686;145
-78.8913041;33.7172601;1-2 hours ;Hollywood Wax Museum;1;4.0;745;13
-97.73741129999999;30.2809836;NA;The Blanton Museum of Art;22;4.5;290;296
-78.6385561;35.7817852;NA;North Carolina Museum of History;5;4.5;534;140
-71.11526289999999;42.37892919999999;1-2 hours ;Harvard Museum of Natural History;5;4.5;722;75
-77.4295446;37.540413;1-2 hours ;The White House and Museum of the Confederacy;8;4.5;879;160
-81.2364241;32.1155018;1-2 hours ;National Museum of the Mighty Eighth Air Force;1;5.0;626;14
-91.2659152;42.1051628;NA;National Motorcycle Museum;1;5.0;100;3
-97.3279003;37.6870762;NA;Museum of World Treasures;4;4.5;330;70
-98.4890094;29.4229208;NA;Briscoe Western Art Museum;16;4.5;355;255
-76.61944;39.325755;NA;Baltimore Museum of Art;5;4.5;527;213
-83.0883904;42.3640939;<1 hour ;Motown Museum;3;4.5;1,133;137
-72.0882579;41.3870746;NA;The Submarine Force Museum;1;4.5;593;19
-81.69550579999999;41.5085183;2-3 hours ;Rock and Roll Hall of Fame and Museum;4;4.5;5,637;165
-103.0783573;44.1354154;1-2 hours ;South Dakota Air and Space Museum;7;4.5;527;64
-106.5338207;35.0660677;NA;The National Museum of Nuclear Science & History;6;4.5;663;210
-70.0988969;41.28555799999999;NA;Whaling Museum;1;4.5;934;81
-80.0531981;26.7006685;NA;Norton Museum of Art;2;4.5;482;91
-87.6315025;41.9119691;2-3 hours ;Chicago History Museum;37;4.5;685;614
-81.7764;26.162382;2-3 hours ;Revs Institute for Automotive Research, Inc.;4;5.0;234;119
-74.65789939999999;40.3471327;No ;Princeton University Art Museum;2;5.0;433;48
-96.80731329999999;32.7786371;2-3 hours ;Old Red Museum;21;4.0;275;224
-90.0932186;29.986748;NA;New Orleans Museum of Art;32;4.5;614;319
-84.2577256;36.0103903;NA;American Museum of Science & Energy;1;4.5;295;17
-117.1537806;32.7268185;NA;San Diego Air & Space Museum;37;4.0;490;408
-121.8902135;37.3314363;NA;The Tech Museum of Innovation;4;4.0;605;125
-80.1764128;25.7847091;2-3 hours ;Miami Children's Museum;20;4.0;657;318
-96.0213474;36.1745104;NA;Gilcrease Museum;2;4.5;566;110
-97.12889679999999;31.5547645;1-2 hours ;Dr Pepper Museum;9;4.0;631;55
-86.560936;30.4662455;NA;Air Force Armament Museum;1;4.5;832;43
-73.2316975;44.3708733;NA;Shelburne Museum;1;4.5;770;19
-118.2862095;34.0157877;2-3 hours ;California Science Center;5;4.5;2,591;502
-76.4880841;37.0551904;NA;The Mariners' Museum & Park;1;5.0;543;32
-77.01927239999999;38.8920787;2-3 hours ;National Mall;18;4.5;4,431;398
-122.7359502;38.4603572;NA;Charles M. Schulz Museum;2;4.5;729;82
-94.209403;36.37275750000001;NA;The Walmart Museum;3;4.5;1,064;23
-80.7440225;32.2114807;NA;Coastal Discovery Museum;5;4.5;718;109
-85.7644791;38.2578893;NA;Frazier History Museum;12;4.5;503;160
-157.9583246;21.34853;NA;Pacific Aviation Museum Pearl Harbor;26;4.5;1,025;311
-76.9755464;38.8875181;2-3 hours ;National Museum of the American Indian;57;4.0;1,543;398
-80.83872029999999;35.2281963;NA;Levine Museum of the New South;8;4.5;367;165
-115.1696529;36.1218691;NA;Madame Tussauds - Las Vegas;37;4.0;3,369;447
-81.3515043;28.6008669;NA;Charles Hosmer Morse Museum of American Art;1;5.0;987;42
-112.0645616;33.4503952;NA;Childrens Museum of Phoenix;6;4.5;483;218
-76.50217119999999;40.0371603;NA;National Watch and Clock Museum;2;4.5;177;20
-117.1740689;32.720981;NA;Maritime Museum of San Diego;17;4.5;1,134;408
-76.6901049;40.2990817;NA;Antique Automobile Club of America Museum;2;4.5;514;32
-77.0403243;38.89385780000001;NA;DAR Museum;75;4.5;132;398
-77.0082214;38.8976512;NA;National Postal Museum;36;4.5;634;398
-79.9499151;40.4431957;More than 3 hours ;Carnegie Museum of Art;21;4.5;361;150
-84.5112394;39.0976238;NA;National Underground Railroad Freedom Center;9;4.5;620;163
-76.2829471;40.09291229999999;NA;Landis Valley Museum;8;4.5;223;65
-86.2620686;41.6758043;More than 3 hours ;The History Museum;8;4.5;77;48
-74.0173484;40.7084274;NA;Museum of Jewish Heritage;104;4.5;249;1,028
-104.7202206;38.8213204;NA;National Museum of World War II Aviation;5;5.0;441;134
-80.14277179999999;26.1198346;NA;NSU Art Museum;20;4.0;260;152
-114.0530065;35.189443;NA;Arizona Route 66 Museum;2;4.5;421;21
-94.2311562;36.3714449;NA;Museum of Native American History;2;5.0;718;23
-84.3562403;33.7664571;2-3 hours ;Jimmy Carter Library & Museum;16;4.5;694;268
-123.8048421;45.420344;NA;Tillamook Air Museum;5;4.0;429;22
;;;;;;;
-84.5399494;39.1435784;NA;American Sign Museum;8;4.5;389;163
-103.2061766;44.0736862;1-2 hours ;Museum of Geology;8;4.5;210;64
-122.6659597;45.5083437;2-3 hours ;Oregon Museum of Science and Industry;14;4.5;1,162;433
-71.20500969999999;43.5890851;1-2 hours ;Wright Museum of WWII;1;5.0;172;24
-77.4259727;37.5309106;NA;Virginia Holocaust Museum;9;4.5;265;160
-73.597608;40.7285476;NA;Cradle of Aviation Museum;1;4.5;262;14
-75.176413;39.9621368;<1 hour ;Rocky Statue;33;4.0;1,501;423
-77.0259394;38.8887583;1-2 hours ;Smithsonian Institution Building;31;4.5;3,248;398
-95.9280809;41.2514365;NA;The Durham Museum;2;4.5;677;106
-71.4556104;42.997729;NA;Currier Museum of Art;1;4.5;403;30
-110.999352;31.9027108;NA;Titan Missile Museum;1;4.5;798;6
-79.24167469999999;42.0965618;NA;Lucy Desi Center For Comedy;1;4.5;298;20
-112.0757712;33.4485785;NA;Wells Fargo History Museum;26;4.5;140;218
-118.4640338;34.3073618;2-3 hours ;The Nethercutt Collection;6;5.0;542;502
-81.0480063;33.9982938;NA;South Carolina State Museum;4;4.5;421;104
-87.30819939999999;30.34650959999999;NA;Pensacola Lighthouse and Museum;4;4.5;1,01;103
-81.8064373;24.5579304;NA;Mel Fisher Maritime Heritage Museum;19;4.0;1,073;160
-105.5769628;36.4059978;NA;Harwood Museum of Art;16;4.5;136;92
-105.9383956;35.6882901;NA;New Mexico History Museum;5;4.5;973;249
-77.0379799;38.9051221;NA;National Geographic Museum;69;4.0;531;398
-84.5176954;38.1516959;More than 3 hours ;Kentucky Horse Park;2;4.5;1,619;110
-123.143839;45.2039669;NA;Evergreen Aviation & Space Museum;1;4.5;1,037;31
-76.85603859999999;40.2718245;NA;National Civil War Museum;1;4.5;669;45
-74.01397759999999;40.70433420000001;1-2 hours ;National Museum of the American Indian;91;4.0;474;1,028
-80.00655189999999;40.4527589;More than 3 hours ;Children's Museum of Pittsburgh;20;4.5;414;150
-81.8068935;24.5590428;NA;Key West Shipwreck Treasure Museum;30;4.0;745;160
-75.1465458;39.9487173;<1 hour ;Benjamin Franklin Museum;32;4.5;283;423
-103.2182636;44.0864917;NA;The Journey Museum & Learning Center;10;4.5;247;64
-81.8660757;26.6399872;NA;Southwest Florida Museum of History;22;4.0;129;107
-82.3703938;29.6359359;NA;Florida Museum of Natural History;2;4.5;582;54
-118.5649565;34.0455545;2-3 hours ;The Getty Villa;1;4.5;1,617;49
-95.9460524;41.26040829999999;NA;Joslyn Art Museum;5;4.5;539;106
-93.2769399;36.6376247;1-2 hours ;Hollywood Wax Museum;3;4.0;1,028;27
-111.8336751;33.4166855;NA;Arizona Museum of Natural History;6;4.5;226;57
-78.89927759999999;36.0293105;More than 3 hours ;Museum of Life + Science;3;4.5;629;72
-87.6557366;44.0927382;2-3 hours ;Wisconsin Maritime Museum;1;4.5;304;20
-122.4013557;37.7857146;More than 3 hours ;San Francisco Museum of Modern Art (SFMOMA);24;4.5;695;522
-105.2384931;39.733381;NA;Buffalo Bill Grave and Museum;2;4.0;741;57
-105.1932726;39.77178019999999;NA;Colorado Railroad Museum;8;4.0;399;57
-122.351371;47.619436;2-3 hours ;Pacific Science Center;40;4.0;1,083;423
-95.4301132;29.9894725;2-3 hours ;National Museum of Funeral History;15;4.5;323;261
-82.6405387;27.7705369;NA;Florida Holocaust Museum;4;4.5;348;120
NA;NA;NA;Lone Star Flight Museum;8;4.5;348;97
-87.5974912;41.7892027;NA;Oriental Institute Museum;26;4.5;414;614
-90.2859825;38.6461342;NA;Missouri History Museum;18;4.5;458;242
-86.1699089;39.7688619;NA;Indiana State Museum;14;4.5;366;157
-73.952522;40.79236239999999;NA;Museum of the City of New York;114;4.0;579;1,028
-105.9280153;35.6634809;NA;Museum of Indian Arts & Culture;9;4.5;532;249
-83.51900599999999;35.710313;NA;Hollywood Star Cars Museum;17;4.0;893;107
-122.264194;37.7986167;NA;Oakland Museum of California;1;4.5;425;114
-111.4960672;40.6446304;NA;Park City Museum;6;4.5;347;85
-84.3243816;33.7903415;NA;Michael C. Carlos Museum;27;4.5;216;268
-82.4499111;27.9422224;NA;Tampa Bay History Center;17;4.5;397;186
-74.43353499999999;43.8632911;2-3 hours ;Adirondack Museum;1;5.0;284;6
-77.0469952;38.9117567;NA;The Phillips Collection;23;4.5;1,022;398
-77.2313112;39.8280275;NA;Gettysburg Museum of History;5;5.0;1,147;95
;;;;;;;
-97.47416729999999;32.7723442;NA;Texas Civil War Museum;10;4.5;227;145
-86.31214709999999;32.37581600000001;NA;Rosa Parks Library and Museum;4;4.5;392;60
-75.1913295;39.9492597;NA;Penn Museum;37;4.5;314;423
-71.9629566;41.46597329999999;NA;Mashantucket Pequot Museum & Research Center;1;4.5;291;12
-118.3383645;34.1010998;NA;The Hollywood Museum;37;4.0;514;502
-118.3415313;34.1018332;NA;Madame Tussauds Hollywood;23;4.0;2,203;502
-83.5149624;41.656577;2-3 hours ;National Museum of the Great Lakes;4;5.0;150;73
-78.9197829;33.6587203;NA;Franklin G. Burroughs - Simeon B. Chapin Art Museum;15;4.5;200;114
-76.3201486;40.0435536;NA;North Museum of Nature and Science;30;4.0;58;65
-104.9898273;39.7362853;NA;Clyfford Still Museum;26;4.5;271;231
-71.342264;42.457713;NA;Concord Museum;6;4.5;159;30
-81.0953088;32.0789345;1-2 hours ;Telfair Museums Telfair Academy;35;4.0;381;202
-72.58634119999999;42.103713;More than 3 hours ;Springfield Museums;2;4.5;291;40
-104.5278856;33.4043631;1-2 hours ;Roswell Museum & Art Center;3;4.5;213;24
-70.5075672;41.7494461;NA;Heritage Museums & Gardens;1;4.5;609;37
-119.767407;39.167732;NA;Nevada State Museum;1;4.5;253;42
-74.0167676;40.7034555;NA;Ellis Island Immigration Museum;54;4.5;1,83;1,028
-72.6731884;41.7634891;NA;Wadsworth Atheneum Museum of Art;2;4.5;337;58
-86.8100693;33.5222197;NA;Birmingham Museum of Art;4;4.5;342;85
-81.46910249999999;28.4425971;1-2 hours ;SKELETONS: Animals Unveiled;31;4.5;396;412
-97.3953071;27.810128;NA;Corpus Christi Museum of Science and History;9;4.0;190;70
-147.72;64.84;NA;The Aurora Ice Museum;7;4.0;599;92
-73.2099937;42.8831606;NA;Bennington Museum;3;4.5;199;23
-75.352668;37.922997;NA;Museum of Chincoteague;3;4.5;329;29
-84.3930512;33.76405500000001;1-2 hours ;Center for Civil and Human Rights;5;4.5;954;268
-77.93838699999999;34.2358087;1-2 hours ;Cape Fear Museum;12;4.5;147;105
-88.6297287;40.87954089999999;NA;Pontiac-Oakland Automobile Museum;2;4.5;140;12
-84.7314305;45.871543;<1 hour ;Museum of Ojibwa Culture;4;4.5;218;29
-85.6774485;42.9684382;NA;Gerald R. Ford Museum;4;4.5;623;73
-106.6703963;35.1029697;NA;Albuquerque Museum;13;4.5;341;210
-106.2983807;35.88164829999999;2-3 hours ;Bradbury Science Museum;2;4.5;517;18
-88.7033859;34.2576066;NA;Tupelo Automobile Museum;1;4.5;338;23
-118.3212746;34.1019466;NA;Museum of Death;66;4.0;170;502
-84.42231850000002;33.6561957;NA;Delta Flight Museum;32;4.5;175;268
-97.4711308;35.5252008;NA;Science Museum Oklahoma;5;4.5;573;118
-79.99218929999999;40.4465796;NA;Senator John Heinz History Center;8;4.5;827;150
NA;NA;NA;The Bailey-Matthews National Shell Museum;5;4.5;1,036;51
-85.30620549999999;35.0558558;NA;Hunter Museum of American Art;11;4.5;375;145
-76.22332020000002;38.785393;1-2 hours ;Chesapeake Bay Maritime Museum;1;4.5;645;16
-106.6723898;35.09532799999999;1-2 hours ;Turquoise Museum;26;4.5;152;210
-97.47376679999999;35.5079287;NA;45th Infantry Division Museum;9;4.5;210;118
-93.0985779;44.94257080000001;NA;Science Museum of Minnesota;3;4.5;726;151
-80.0441281;26.7133222;2-3 hours ;Henry Morrison Flagler Museum;1;4.5;905;22
-98.4727791;29.4523911;2-3 hours ;The DoSeum - San Antonio's Museum for Kids;28;4.5;364;255
-122.3347017;47.5823381;1-2 hours ;Living Computer Museum;56;4.5;89;423
-81.0373516;29.1921177;NA;MOAS - Museum of Arts and Sciences;8;4.5;265;121
-88.9836943;40.5091222;NA;Children's Discovery Museum;1;4.5;104;14
-90.0648993;29.956039;NA;New Orleans Pharmacy Museum;27;4.5;466;319
-89.3844752;43.0768232;2-3 hours ;Madison Children's Museum;1;4.5;216;15
-88.62884129999999;40.8811555;2-3 hours ;IL Route 66 Association Hall of Fame & Museum;1;4.5;174;12
-77.4659738;37.56164649999999;NA;Science Museum of Virginia;15;4.0;269;160
-74.88872239999999;39.0197999;2-3 hours ;Naval Air Station Wildwood Aviation Museum;4;4.5;595;60
-122.6823455;45.5157539;NA;Oregon Historical Society Museum;22;4.5;250;433
-73.9820338;40.7673947;NA;Museum of Arts and Design;142;4.5;288;1,028
;;;;;;;
-73.9577633;40.7843536;NA;Cooper Hewitt, Smithsonian Design Museum;98;4.5;280;1,028
-122.4337137;47.245401;NA;Museum of Glass;5;4.0;880;69
-100.0225795;37.7532611;NA;Boot Hill Museum;1;4.5;539;26
-84.54813999999999;42.731148;NA;R.E. Olds Transportation Museum;5;4.5;92;68
-80.30036559999999;27.4951776;NA;Navy Seal Museum;1;4.5;687;83
-81.465459;30.6548171;NA;Amelia Island Museum of History;3;4.5;344;48
-76.78448159999999;37.2249851;NA;Jamestown Settlement;5;4.5;2,582;87
-77.0528712;42.1426269;1-2 hours ;The Rockwell Museum;2;4.5;313;19
-80.60891629999999;36.4980464;NA;The Andy Griffith Museum;4;4.0;487;32
-86.2619266;41.6746957;NA;Studebaker National Museum;3;4.5;333;48
-106.4919661;31.762324;NA;The El Paso Holocaust Museum;7;4.5;109;83
-97.5204289;35.4696942;NA;Oklahoma City Museum of Art;6;4.5;488;118
-94.68120859999999;29.4345626;NA;Galveston Island Railroad Museum and Terminal;11;4.0;361;97
-94.56272539999999;39.0915663;NA;Negro Leagues Baseball Museum;7;4.5;618;147
-81.87927119999999;26.6343116;2-3 hours ;Edison & Ford Winter Estates;1;4.5;3,385;107
-122.4304605;47.2362706;2-3 hours ;LeMay - America's Car Museum;2;4.5;685;69
-104.8176325;41.1395177;NA;Wyoming State Museum;1;4.5;263;44
-74.1715152;40.7429731;NA;Newark Museum;4;4.5;193;30
-105.0148322;39.7698122;2-3 hours ;Children's Museum of Denver;1;4.0;349;9
-73.9239439;40.756296;2-3 hours ;Museum of the Moving Image;1;4.5;412;19
-76.7772486;37.2112563;NA;Historic Jamestowne;1;4.5;3,419;87
-97.0861247;31.5072444;NA;Texas Ranger Hall of Fame and Museum;2;4.5;464;55
;;;;;;;
-81.09911799999999;32.0756717;1-2 hours ;Savannah History Museum;34;4.0;294;202
-89.0699841;36.4383225;More than 3 hours ;Discovery Park of America;1;5.0;262;5
-93.2370631;44.9730645;NA;Weisman Art Museum;22;4.5;161;198
-72.92108;41.315911;NA;Yale Peabody Museum of Natural History;3;4.5;371;49
-84.2850204;30.4381205;NA;Museum of Florida History;8;4.5;182;77
-111.928561;33.492443;NA;Western Spirit: Scottsdale's Museum of the West;10;4.5;209;153
-120.619698;35.6641766;1-2 hours ;Estrella Warbird Air Museum;8;4.5;115;162
-101.868625;35.166441;NA;Jack Sisemore Traveland RV Museum;1;5.0;311;47
-77.731568;39.6370702;NA;Washington County Museum of Fine Arts;1;4.5;95;30
-83.7464178;42.2818262;NA;Ann Arbor Hands-On Museum;2;4.5;335;77
-77.580017;43.152852;2-3 hours ;George Eastman Museum;3;4.5;646;134
-82.4614941;27.9495766;NA;Glazer Children's Museum;28;4.0;290;186
-82.5645578;27.382924;NA;Ca d'Zan Mansion;3;4.5;1,393;131
-80.24392110000001;36.0913133;NA;Children's Museum of Winston-Salem;7;4.5;154;67
;;;;;;;
-85.7602163;38.2582083;NA;Muhammad Ali Center;9;4.5;669;160
-71.6834882;42.415491;NA;Museum of Russian Icons;1;5.0;128;8
-98.4673103;29.4617383;1-2 hours ;Witte Museum;47;4.0;283;255
-91.1870131;30.4542701;NA;Louisiana State Museum Baton Rouge;7;4.5;172;56
-81.090245;31.9521987;1-2 hours ;Pin Point Heritage Museum;8;5.0;272;202
-80.0814292;26.3401581;NA;Boca Raton Museum of Art;7;4.0;238;78
-90.5735734;34.2001179;NA;The Delta Blues Museum;2;4.5;371;12
-81.6107001;38.3379699;NA;West Virginia State Museum;1;4.5;239;42
-122.5145406;47.6251241;NA;Bainbridge Island Museum of Art;2;4.5;147;38
-76.15976409999999;39.9830724;NA;Strasburg Rail Road;3;4.5;1,449;16
-75.45660509999999;39.1186873;NA;Air Mobility Command Museum;1;5.0;515;35
-81.754843;24.5523542;NA;Fort East Martello Museum;46;4.0;293;160
-122.0773213;37.4143233;NA;Computer History Museum;1;4.5;510;26
-86.7955372;33.4916995;NA;Vulcan Park and Museum;5;4.5;768;85
-121.5117628;38.570316;NA;California Automobile Museum;10;4.5;218;160
-117.8682052;33.7633562;NA;Bowers Museum of Cultural Art;1;4.5;255;26
-104.822827;38.830359;NA;Colorado Springs Pioneers Museum;16;4.5;232;134
-97.114691;31.5521217;NA;Mayborn Museum Complex;6;4.5;203;55
-90.0639198;29.9598325;NA;New Orleans Historic Voodoo Museum;80;3.5;346;319
-71.80200409999999;42.2730028;NA;Worcester Art Museum;1;4.5;396;46
-80.93367529999999;26.7542312;NA;Ah-Tah-Thi-Ki Museum;2;4.5;99;16
-71.0976585;42.3622747;1-2 hours ;MIT Museum;8;4.0;423;75
-77.0176188;38.8977516;NA;National Building Museum;71;4.0;460;398
-81.3149153;29.8975126;1-2 hours ;Potter's Wax Museum;30;4.0;417;164
-88.04516129999999;30.6883628;NA;Mobile Carnival Museum;3;4.5;295;63
-105.5940158;36.4442256;NA;Millicent Rogers Museum;2;4.5;507;92
-76.70436339999999;37.2697548;NA;Abby Aldrich Rockefeller Folk Art Museum;7;4.5;462;87
-81.9605413;33.4747689;NA;Augusta Museum of History;1;4.5;167;42
-97.76883579999999;30.2915328;NA;Texas Military Forces Museum;32;4.5;129;296
-111.0549869;45.6592621;NA;American Computer Museum;3;5.0;144;59
-80.0847758;26.9501599;NA;Jupiter Inlet Lighthouse & Museum;2;4.5;645;52
-77.0229535;38.8912958;1-2 hours ;Museum Hack DC;7;5.0;225;131
-80.3668989;27.649836;NA;Vero Beach Museum of Art;3;4.5;305;66
-73.9772827;40.7858772;More than 3 hours ;Children's Museum of Manhattan;219;4.0;171;1,028
-80.13245979999999;25.7809298;NA;The Wolfsonian - Florida International University;15;4.5;438;114
-70.9231554;41.6352461;NA;New Bedford Whaling Museum;1;5.0;446;40
;;;;;;;
-74.0326271;41.4939002;NA;Motorcyclepedia Museum;1;5.0;97;17
-77.4259749;37.532282;NA;Edgar Allan Poe Museum;16;4.0;270;160
-82.46107510000002;27.9499783;NA;Tampa Museum of Art;40;3.5;233;186
-73.9815265;40.7492094;1-2 hours ;The Morgan Library & Museum;1;4.5;1,117;24
-112.0379216;43.4905269;NA;Museum of Idaho;2;4.5;176;22
-119.8135266;39.5254004;NA;Nevada Museum of Art;12;4.5;209;120
-105.9391481;35.68827830000001;NA;New Mexico Museum of Art;17;4.5;396;249
-90.16026490000002;32.3233785;NA;Mississippi Museum of Natural Science;3;4.5;199;52
-99.1365395;30.02586759999999;NA;The Museum of Western Art;1;4.5;222;22
-94.585032;39.0463201;NA;Kemper Museum of Contemporary Art;30;4.5;217;147
-81.715889;25.933301;NA;Marco Island Historical Museum;8;4.5;213;69
-88.038754;30.7058829;NA;History Museum of Mobile;5;4.5;181;63
-98.48411689999999;29.4261947;<1 hour ;San Antonio Fire Museum;34;4.5;152;255
-94.808398;39.7761724;NA;Glore Psychiatric Museum;3;4.5;161;40
-117.024693;34.904829;NA;Route 66 Mother Road Museum;1;4.5;128;14
-76.70436339999999;37.2697548;NA;DeWitt Wallace Decorative Arts Museum;9;4.5;403;87
-90.2844179;38.6361241;NA;Forest Park;6;5.0;1,715;242
-95.39852499999999;29.737593;More than 3 hours ;The Menil Collection;9;4.5;599;261
-98.9870797;35.5059995;NA;Oklahoma Route 66 Museum;1;4.5;236;9
-73.9603267;40.781264;NA;Neue Galerie;64;4.5;940;1,028
-80.1484407;25.783312;NA;Jewish Museum of Florida - FIU;12;4.5;387;114
-73.9571318;40.7854597;More than 3 hours ;The Jewish Museum;108;4.5;274;1,028
-73.93290499999999;41.77043;2-3 hours ;Franklin D. Roosevelt Presidential Library and Museum;1;5.0;905;17
-117.3170409;33.1272597;NA;Museum of Making Music;5;4.5;224;59
-78.6361093;35.77872869999999;NA;Marbles Kids Museum;4;4.5;738;140
-87.92585849999999;43.0410574;1-2 hours ;Chudnow Museum of Yesteryear;12;5.0;193;158
-118.8198082;34.2598671;NA;Ronald Reagan Presidential Library and Museum;1;5.0;1,964;20
-97.9219973;38.065552;More than 3 hours ;Cosmosphere;2;4.5;427;19
-84.7961509;34.1683649;NA;Booth Western Art Museum;1;5.0;349;16
-119.018899;35.394332;NA;Kern County Museum;1;4.5;173;34
-119.7039262;34.4234706;NA;Santa Barbara Museum of Art;17;4.5;302;166
-69.109788;44.1034338;NA;Farnsworth Art Museum;1;4.5;561;35
-70.50038839999999;41.7586711;NA;Sandwich Glass Museum;3;4.5;475;37
;;;;;;;
-99.6467237;35.2887441;NA;National Route 66 Museum;1;4.5;223;5
-70.6618967;42.6139856;1-2 hours ;Cape Ann Museum;8;4.5;111;48
-75.7042803;35.2062626;NA;Graveyard of the Atlantic Museum;4;4.0;326;49
-101.9156889;34.9798287;2-3 hours ;Panhandle-Plains Historical Museum;2;5.0;324;18
-94.0145391;41.3334236;NA;John Wayne Birthplace & Museum;3;4.0;221;16
-110.6973571;35.0241873;1-2 hours ;Meteor Crater;2;4.0;2,026;12
-81.6598171;30.3188771;NA;Museum of Science and History;20;4.0;320;152
-88.8590662;30.3937083;NA;Maritime and Seafood Industry Museum;15;4.5;93;52
-87.62107069999999;41.8972116;NA;Museum of Contemporary Art;64;4.0;567;614
-91.10305579999999;30.4054836;NA;LSU Rural Life Museum;6;4.5;241;56
;;;;;;;
-147.718472;64.860756;1-2 hours ;Fountainhead Antique Auto Museum;1;5.0;614;92
-93.2400457;36.61985780000001;NA;Ralph Foster Museum;2;4.5;240;5
-112.47403;34.541476;NA;Sharlot Hall Museum;3;4.5;411;66
;;;;;;;
-122.3319748;47.5993706;<1 hour ;Klondike Gold Rush National Historical Park;22;4.5;618;423
-76.66620499999999;34.717859;NA;North Carolina Maritime Museum;1;4.5;542;35
-70.75307579999999;43.0750917;1-2 hours ;Strawbery Banke Museum;1;4.5;706;64
-84.502652;39.1021969;NA;Taft Museum of Art;16;4.5;248;163
-119.6937365;34.4041086;NA;Santa Barbara Maritime Museum;19;4.5;157;166
-98.3968589;34.6160758;NA;Museum of the Great Plains;1;4.5;149;20
-112.7361415;46.3919927;<1 hour ;Old Montana Prison Complex;1;4.5;166;4
-87.63300699999999;41.8784758;NA;Money Museum at the Federal Reserve Bank;39;4.5;225;614
;;;;;;;
-106.4496296;31.9030653;NA;National Border Patrol Museum;9;4.5;128;83
-106.6658269;35.09816;NA;New Mexico Museum of Natural History and Science;9;4.5;590;210
-76.47949059999999;37.0699397;NA;Virginia Living Museum;2;4.5;487;32
-96.78955739999999;32.8695051;NA;Museum of Biblical Art;42;4.5;123;224
-82.8645623;41.50873;2-3 hours ;Liberty Aviation Museum;2;4.5;137;17
-117.1474595;32.7321106;NA;San Diego Natural History Museum;75;4.0;302;408
-73.2536705;42.44732;NA;Berkshire Museum;4;4.0;171;23
-85.5872286;42.2917069;NA;Kalamazoo Valley Museum;1;4.5;182;31
-73.9977552;40.740088;NA;Rubin Museum of Art;82;4.5;232;1,028
-86.738017;33.563503;NA;Southern Museum of Flight;15;4.5;121;85
-81.0353293;34.0052907;NA;Columbia Museum of Art;9;4.5;172;104
;;;;;;;
-117.2945325;34.1255224;NA;Original McDonald's Site and Museum;2;4.0;130;23
-155.27678;19.30149;NA;Thomas A. Jaggar Museum;1;4.5;1,145;16
-123.808443;39.4025731;<1 hour ;Sea Glass Museum;5;4.0;182;37
;;;;;;;
-97.3690098;32.7478552;NA;Amon Carter Museum of American Art;4;5.0;386;145
-83.738289;42.276802;NA;University of Michigan Museum of Art;9;4.5;157;77
-77.05245699999999;38.94349;1-2 hours ;Hillwood Museum & Gardens;19;5.0;858;398
-108.5647351;39.0656489;NA;Museum of the West;7;4.0;67;47
-72.9306219;41.3083421;No ;Yale University Art Gallery;1;5.0;585;49
-87.38324;44.830201;NA;Door County Maritime Museum;4;4.5;247;41
-75.1273064;40.3078973;NA;Mercer Museum;1;4.5;319;28
-81.1015065;32.0754846;NA;Georgia State Railroad Museum;29;4.0;450;202
-76.1287629;39.983502;NA;Railroad Museum of Pennsylvania;2;4.5;667;16
-84.77060039999999;34.2418518;NA;Tellus Science Museum;2;4.5;391;16
-115.1746632;36.1300816;NA;Erotic Heritage Museum, Las Vegas;174;4.0;96;447
-106.5111477;31.8210381;NA;El Paso Museum of Art;8;4.5;136;83
-77.0262205;38.8884795;NA;Hirshhorn Museum and Sculpture Garden;61;4.0;524;398
-84.35435389999999;33.5216625;NA;Road To Tara Museum;2;4.0;127;14
-134.4158216;58.30017789999999;NA;Alaska State Museum;13;4.5;257;77
;;;;;;;
;;;;;;;
-73.8046653;43.0570281;NA;The Saratoga Automobile Museum;6;4.5;185;46
-82.6318653;27.7770144;NA;Chihuly Collection;3;4.5;1,335;120
-80.1320906;25.7832785;NA;World Erotic Art Museum (WEAM);32;4.0;315;114
-81.365143;28.572697;NA;Orlando Museum of Art;119;4.0;118;412
-117.2943727;34.5371667;NA;The California Route 66 Museum;1;4.5;136;18
-77.0263279;38.8976683;NA;Madame Tussauds DC;58;4.0;697;398
-84.400832;33.781517;2-3 hours ;Atlanta History Center;9;4.5;929;268
-104.7080218;38.82688;NA;Peterson Air & Space Museum;22;4.5;92;134
-84.1619183;30.4865155;NA;Tallahassee Antique Car Museum;3;4.5;334;77
-77.022893;38.892319;NA;The National Archives Museum;26;4.5;2,127;398
-107.7570994;32.2667615;NA;Deming Luna Mimbres Museum;1;5.0;173;18
-87.7814355;35.9710726;NA;Loretta Lynn's Ranch;1;4.5;323;2
-83.5197359;35.713045;NA;Christ in the Smokies Museum & Gardens;9;4.5;436;107
-71.1141007;42.3740294;NA;Harvard Art Museums;6;4.5;245;75
;;;;;;;
-89.39858;43.073745;NA;Chazen Museum of Art;10;4.5;193;93
-112.066671;33.4486735;More than 3 hours ;Arizona Science Center;15;4.5;607;218
-112.056824;34.77107;1-2 hours ;Arizona Copper Art Museum;1;5.0;234;17
-118.4436674;34.0591217;NA;Hammer Museum;81;4.0;105;502
-75.140422;39.945752;NA;Independence Seaport Museum;59;4.5;179;423
-114.8690645;39.2593192;2-3 hours ;Nevada Northern Railway Museum;1;4.5;223;9
-78.34503769999999;35.5111406;NA;Ava Gardner Museum;2;4.5;110;11
-90.1856452;32.296288;NA;Mississippi Museum of Art;6;4.5;101;52
-69.816313;43.8939885;NA;Maine Maritime Museum;1;4.5;409;18
-81.4686231;28.4431709;1-2 hours ;Madame Tussauds Orlando;37;4.5;1,467;412
-79.93165719999999;32.7785154;1-2 hours ;Gibbes Museum of Art;75;4.0;101;219
-120.232134;39.3241405;NA;Donner Memorial State Park and Emigrant Trail Museum;1;4.5;302;49
-90.57632249999999;41.5207614;NA;Figge Art Museum;1;4.5;177;35
-73.6417762;40.8082449;NA;Nassau County Museum of Art;1;4.5;84;4
-87.81324889999999;42.5871099;NA;Civil War Museum;1;4.5;147;27
-76.6327453;39.2854217;NA;Baltimore and Ohio Railroad Museum;8;4.5;555;213
-159.3681801;21.9750351;NA;Kauai Museum;8;4.0;320;50
-94.4235849;39.0980054;NA;Harry S. Truman Library and Museum;1;5.0;896;39
-86.3350162;43.2287572;NA;USS Silversides Submarine Museum;2;4.5;181;38
-81.0992466;32.0775533;NA;SCAD Museum of Art;48;4.5;145;202
-86.4382464;37.0001758;NA;Historic Railpark and Train Museum;6;4.5;145;42
;;;;;;;
-96.7249635;40.8183385;More than 3 hours ;Museum of American Speed;6;5.0;168;60
-87.76074419999999;42.0565027;2-3 hours ;Illinois Holocaust Museum & Education Center;1;4.5;138;13
-115.1337475;36.1798636;NA;Las Vegas Natural History Museum;142;4.0;140;447
-73.9798713;44.2794911;NA;Lake Placid Olympic Museum;5;4.0;467;45
-75.59331619999999;39.8701845;2-3 hours ;Brandywine River Museum of Art;1;4.5;508;11
-97.3691391;32.744201;NA;Fort Worth Museum of Science & History;17;4.0;340;145
-95.7747342;39.0562129;1-2 hours ;Kansas Museum of History;5;4.5;161;43
-93.27594409999999;44.903428;NA;The Museum of Russian Art;15;4.5;237;198
-90.0528575;35.1487317;NA;Mississippi River Museum at Mud Island;28;4.0;183;147
-117.1523773;32.7316202;NA;San Diego Museum of Man;88;3.5;240;408
-81.46483730000001;28.3938417;NA;World of Chocolate Museum and Cafe;9;4.5;517;109
-72.7014355;41.7670944;2-3 hours ;The Mark Twain House & Museum;1;4.5;943;58
-95.89584800000002;36.2064271;NA;Tulsa Air and Space Museum;16;4.0;203;110
-81.4927013;28.3322404;1-2 hours ;Museum of Military History;10;4.5;148;73
-83.5024736;35.7162298;NA;Salt and Pepper Shaker Museum;23;4.5;314;107
-80.1291437;25.7962783;NA;Bass Museum of Art;44;4.0;171;114
-118.238563;34.049739;1-2 hours ;Japanese American National Museum;44;4.5;201;502
-80.8146518;35.1973289;NA;Mint Museum Randolph;34;4.5;104;165
-111.0667563;32.2343854;NA;International Wildlife Museum;24;4.5;198;265
-82.13862999999999;38.842756;NA;Mothman Museum;1;4.5;149;6
-86.58226239999999;34.6901008;NA;U.S. Veterans Memorial Museum;4;5.0;161;70
-121.5015785;38.5786754;NA;Old Sacramento;6;4.0;1,955;160
;;;;;;;
-82.98789719999999;39.9642074;NA;Columbus Museum of Art;16;4.0;299;132
-80.8474105;35.2246023;NA;Bechtler Museum of Modern Art;35;4.0;173;165
-85.057484;41.3558172;NA;Auburn Cord Duesenberg Automobile Museum;1;5.0;332;19
-84.9740651;32.4670934;NA;Columbus Museum;4;4.5;106;43
-96.3054385;39.2025604;1-2 hours ;Oz Museum;1;4.5;251;6
NA;NA;More than 3 hours ;Pearl Harbor / WW II Valor in the Pacific National Monument;2;4.5;8,549;311
-93.0544025;34.5123029;NA;Gangster Museum of America;18;3.5;363;70
-110.763716;43.48031599999999;NA;Jackson Hole Museum;24;4.0;102;78
-78.84343880000002;42.90591810000001;NA;Buffalo Museum of Science;24;4.0;159;144
-83.5184699;35.7110973;1-2 hours ;Ripley's Believe It or Not! Odditorium;25;3.5;1,307;107
-118.338087;34.1017297;1-2 hours ;Hollywood Wax Museum;83;3.5;277;502
-79.384136;36.643089;NA;Tank Museum;2;4.5;119;16
-88.0148912;44.5167159;NA;The Children's Museum of Green Bay;11;4.5;68;56
-95.5842117;30.7367948;NA;Texas Prison Museum;1;4.5;150;17
-88.38336;35.231918;NA;Buford Pusser Home and Museum;1;4.5;56;1
-82.7129023;41.453931;NA;Merry-Go-Round Museum;5;4.5;167;35
-91.35848159999999;39.7083789;NA;Mark Twain Boyhood Home and Museum;3;4.5;524;21
-86.509146;30.3959959;NA;Destin History & Fishing Museum;18;4.5;96;67
-80.620886;24.9310921;NA;History of Diving Museum;4;4.5;544;55
-121.8900389;37.3336747;NA;San Jose Museum of Art;19;4.0;122;125
-84.981259;29.7258687;NA;Apalachicola Maritime Museum;4;4.0;143;21
-122.436551;47.2475429;NA;Tacoma Art Museum;8;4.5;166;69
-111.9978746;41.11591689999999;NA;Hill Aerospace Museum;1;4.5;436;41
-87.2110678;30.40865509999999;1-2 hours ;Historic Pensacola Village;3;4.5;252;40
-84.9795237;32.446854;NA;National Civil War Naval Museum;3;4.5;310;43
-88.6799655;34.2599709;NA;Elvis Presley Birthplace & Museum;3;4.5;888;23
-155.0866838;19.7259442;1-2 hours ;Pacific Tsunami Museum;16;4.0;352;78
-74.03883119999999;40.6284964;NA;Ellis Island;45;4.5;3,883;1,028
-96.8001488;32.7881462;1-2 hours ;Nasher Sculpture Center;18;4.5;666;224
-95.39681829999999;29.772019;<1 hour ;Art Car Museum;51;4.0;114;261
-97.44746789999999;35.2107414;NA;Fred Jones Jr. Museum of Art;3;4.5;103;27
-91.791984;43.303922;NA;Vesterheim;2;4.5;120;22
-89.08899070000001;42.2769363;NA;Discovery Center Museum;2;4.5;219;31
-90.8510716;32.3436914;NA;U.S.S. Cairo Museum;2;5.0;861;40
-83.73537309999999;43.31841050000001;NA;Michigan Military and Space Heroes Museum;4;4.5;129;21
;;;;;;;
-93.2879158;36.6464076;NA;World's Largest Toy Museum;31;4.0;410;168
-117.8721676;33.7126158;NA;Lyon Air Museum;3;4.5;91;26
-87.29206429999999;30.3500222;NA;Pensacola Naval Air Station;2;5.0;758;103
-74.87739570000001;41.6966322;NA;The Museum at Bethel Woods;1;4.5;332;4
-106.6590712;35.1093175;NA;Indian Pueblo Cultural Center;7;4.5;1,099;210
-97.3631054;32.749428;NA;Modern Art Museum of Fort Worth;13;4.5;327;145
-82.55612459999999;27.3823626;NA;Sarasota Classic Car Museum;21;4.0;309;131
-104.9867312;39.7358466;NA;History Colorado Center;29;4.0;370;231
-76.5359251;42.4664684;<1 hour ;Museum of the Earth;17;4.5;107;54
-105.927002;35.662755;2-3 hours ;Wheelwright Museum of the American Indian;23;4.5;250;249
-77.23488449999999;39.819678;1-2 hours ;Gettysburg Heritage Center;13;4.5;246;95
-119.7144774;34.4412556;NA;Santa Barbara Museum of Natural History;13;4.5;213;166
-122.4360415;47.2448591;NA;Washington State History Museum;;;;
-155.0906609;19.7221983;NA;Lyman Museum;22;4.5;161;78
-94.68120859999999;29.4345626;2-3 hours ;The Bryan Museum;22;4.5;90;97
-75.9513497;40.3273355;NA;Reading Public Museum;4;4.5;157;22
-83.06042529999999;42.3585991;NA;Charles H. Wright Museum of African American History;18;4.5;166;137
-73.41335219999999;40.7374485;NA;American Airpower Museum;1;4.5;79;13
-79.0456797;35.9060511;1-2 hours ;Ackland Art Museum;7;4.0;93;42
-83.9272125;35.9520037;NA;McClung Museum of Natural History and Culture;11;4.5;115;181
-70.66801699999999;41.9591293;NA;Pilgrim Hall Museum;4;4.5;256;65
-94.8450469;39.7558515;NA;Patee House Museum;1;4.5;286;40
-117.148621;32.7311102;NA;San Diego Model Railroad Museum;40;4.5;322;408
-81.3859626;25.8573058;NA;Museum of the Everglades;7;4.5;216;20
-117.8250765;44.7814282;NA;Baker Heritage Museum;2;4.5;91;9
-121.9637869;37.3875909;NA;Intel Corp and Museum;1;4.5;158;2
-84.34405369999999;30.4104707;NA;Tallahassee Museum;1;4.5;464;12
-93.1960229;43.1494891;NA;Charles H. MacNider Art Museum;4;4.5;56;20
-80.1564955;26.4289656;NA;Morikami Museum & Japanese Gardens;2;4.5;1,255;59
-82.40065969999999;34.8564339;NA;Greenville County Museum of Art;17;4.0;139;86
-151.5496343;59.6449979;NA;Pratt Museum;3;4.5;271;50
-94.84901719999999;39.7556591;NA;Pony Express Museum;2;4.5;221;40
-157.8480364;21.2966976;NA;Shangri La;12;4.5;635;311
-73.8963387;40.95414359999999;NA;Hudson River Museum;3;4.0;77;22
-72.58634119999999;42.103713;<1 hour ;Dr. Seuss National Memorial Sculpture Garden;1;4.5;268;40
-122.6265719;47.5630814;NA;Puget Sound Navy Museum;2;4.5;139;34
-86.61294939999999;36.2150124;More than 3 hours ;Andrew Jackson's Hermitage;7;4.5;3,12;238
-81.2883671;29.8854637;1-2 hours ;St. Augustine Lighthouse & Maritime Museum;5;4.5;3,937;164
-80.17502139999999;27.2143933;NA;Elliott Museum;3;4.0;320;56
-72.8101887;41.6530611;2-3 hours ;New Britain Museum of American Art;1;5.0;245;14
-91.6617761;41.9661675;NA;National Czech & Slovak Museum & Library;1;4.5;204;39
-81.0975947;32.0810352;1-2 hours ;Ships of the Sea Maritime Museum;23;4.5;485;202
-87.907939;43.043808;NA;Grohmann Museum;26;4.5;108;158
-104.849562;38.79292;NA;Penrose Heritage Museum;14;5.0;87;134
-73.9617714;41.372526;2-3 hours ;West Point Museum;2;4.5;278;8
-122.3507742;47.62148000000001;NA;Seattle Children's Museum;79;4.0;171;423
-118.2935891;34.1220545;1-2 hours ;Autry Museum of the American West;33;4.5;399;502
-101.8369763;33.6534713;NA;Silent Wings Museum;4;5.0;136;51
-81.6089873;41.5091257;NA;Crawford Auto-Aviation Museum;28;4.5;102;165
-76.88540809999999;40.2658253;NA;State Museum of Pennsylvania;7;4.5;167;45
-73.9391699;41.7088243;2-3 hours ;Mid-Hudson Children's Museum;7;4.0;99;28
-83.73449120000001;42.2781829;NA;University of Michigan Museum of Natural History;11;4.5;113;77
-71.30606999999999;41.469672;1-2 hours ;National Museum of American Illustration;9;4.5;275;100
-86.77532029999999;36.1629711;1-2 hours ;George Jones Entertainment Complex;24;4.5;381;238
-88.0479956;44.4836013;NA;National Railroad Museum;7;4.5;266;56
-102.0856201;31.97224989999999;1-2 hours ;The Petroleum Museum;1;4.5;132;19
-123.0680324;44.0429856;NA;Museum of Natural and Cultural History;16;4.5;56;80
-70.5890594;43.23379509999999;NA;Ogunquit Museum of American Art;6;4.5;297;29
-111.9846914;33.4457435;1-2 hours ;Pueblo Grande Museum;38;4.0;144;218
-122.322826;47.5980953;NA;Wing Luke Museum of the Asian Pacific American Experience;36;4.5;208;423
-87.5730801;37.9651168;More than 3 hours ;Evansville Museum of Arts, History & Science;4;4.5;81;34
-73.450079;41.398015;NA;Danbury Railway Museum;3;4.5;111;19
-96.78437459999999;32.8384039;2-3 hours ;Meadows Museum;36;4.5;117;224
-90.0715422;29.9433286;1-2 hours ;Memorial Hall Confederate Civil War Museum;59;4.0;317;319
-121.8965421;36.5974529;NA;Monterey Museum of Art - Pacific Street;23;4.5;73;97
-82.40290809999999;34.8571284;NA;Upcountry History Museum;18;4.5;92;86
-76.5751166;37.1658444;1-2 hours ;U.S. Army Transportation Museum;5;4.5;145;32
-84.6142383;34.0242075;NA;Southern Museum of Civil War and Locomotive History;2;4.5;246;21
-70.8971852;42.5225642;NA;Witch Dungeon Museum;15;3.5;446;75
-88.5773023;43.9841552;2-3 hours ;EAA AirVenture Museum;1;5.0;451;26
-81.8039759;26.2159892;2-3 hours ;The Baker Museum;23;4.5;66;119
-103.6514667;30.361876;NA;Museum of the Big Bend;2;4.5;221;20
-79.9460287;37.2730479;NA;Virginia Museum of Transportation;3;4.5;401;65
-78.8693212;42.8789466;1-2 hours ;Pierce-Arrow Museum;17;4.5;129;144
-79.1443831;37.413688;NA;Lynchburg Museum;5;4.5;57;37
-87.62661969999999;41.910275;NA;International Museum of Surgical Science;110;4.0;114;614
-122.0307963;36.9741171;NA;Santa Cruz Surfing Museum;12;4.5;159;80
-135.3120788;59.4559757;NA;Skagway Museum and Archives;20;4.5;134;58
-80.60691320000001;28.4180361;NA;U.S. Air Force Space & Missile Museum;7;4.5;123;31
;;;;;;;
-73.9384006;40.7667676;NA;Noguchi Museum;3;4.5;114;26
-77.9510178;34.2416318;NA;Wilmington Railroad Museum;14;4.0;191;105
-80.2824727;36.1259057;NA;Reynolda House Museum of American Art;1;4.5;367;67
-82.37258779999999;29.6376004;NA;Samuel P. Harn Museum of Art;8;4.5;168;54
-123.017193;48.535761;NA;The Whale Museum;5;4.5;497;45
-82.0770671;29.2064284;NA;Appleton Museum of Art;4;4.5;218;54
-76.7766709;39.1128276;NA;National Cryptologic Museum;32;4.5;135;213
-107.5741855;34.7100168;2-3 hours ;Sky City Cultural Center & Haak'u Museum;1;4.5;715;1
-87.94309249999999;41.8951594;NA;Lizzadro Museum of Lapidary Art;1;4.5;78;15
-114.9455793;36.0102091;1-2 hours ;Clark County Heritage Museum;1;4.5;479;64
-69.107832;44.102125;NA;Maine Lighthouse Museum;3;4.5;149;35
-97.35612049999999;37.6949863;NA;Wichita Art Museum;8;4.5;97;70
-77.233369;42.398806;NA;Glenn H. Curtiss Museum;1;5.0;353;25
-93.23570099999999;36.6144666;NA;College of the Ozarks;1;5.0;1,603;5
-76.29884;36.834914;NA;Children's Museum of Virginia;1;4.5;206;18
-110.9692234;32.21919;NA;Children's Museum Tucson;19;4.5;169;265
-106.5980385;35.1897989;NA;Anderson-Abruzzo International Balloon Museum;12;4.5;407;210
-94.87577089999999;32.3862619;NA;East Texas Oil Museum;1;4.5;137;4
-111.9797338;41.2207852;NA;Union Station;2;4.5;182;41
-111.285957;47.51053;NA;C.M. Russell Museum;2;5.0;281;33
-105.5961457;33.3323326;NA;Hubbard Museum of the American West;1;4.0;73;6
-87.3750678;44.8351968;NA;Door County Historical Museum;6;4.5;107;41
-88.4314055;42.5924133;NA;Geneva Lake Museum of History;7;4.5;98;37
-79.7860742;36.0752261;NA;Greensboro Children's Museum;5;4.5;178;64
-78.40029899999999;40.5137;NA;Altoona Railroaders Memorial Museum;2;4.5;197;19
-95.9429105;41.2551212;NA;Omaha Children's Museum;7;4.5;339;106
-117.1504179;32.732119;NA;San Diego Museum of Art;82;4.0;179;408
-106.4289415;31.8218893;NA;Fort Bliss and Old Ironsides Museums;10;4.5;101;83
-95.8515537;41.2583066;1-2 hours ;Union Pacific Railroad Museum;1;4.5;188;24
-71.9667669;41.3616716;2-3 hours ;Mystic Seaport;1;4.5;2,091;33
-94.6520352;38.8835947;NA;Museum at Prairiefire;7;4.0;134;27
-89.97746149999999;35.1257276;NA;Children's Museum of Memphis;23;4.5;182;147
-77.3208112;37.5065795;NA;Virginia Aviation Museum;30;4.5;64;160
-90.463599;38.571459;NA;Museum of Transportation;25;4.0;249;242
-89.5897437;40.6899554;NA;Riverfront Museum;6;4.0;165;32
-83.3322759;34.5784404;1-2 hours ;Currahee Military Museum;2;4.5;99;8
-93.1162513;34.5146944;2-3 hours ;Mid-America Science Museum;1;4.5;339;9
-77.4092991;39.4139408;NA;National Museum of Civil War Medicine;2;4.5;278;44
-97.5138947;35.2340635;NA;Sam Noble Oklahoma Museum of Natural History;1;4.5;305;27
-76.2947938;36.8474975;NA;Nauticus National Maritime Center;4;4.5;604;63
-122.1430195;37.4418834;1-2 hours ;Cantor Arts Center;2;4.5;319;36
-77.9841776;42.9783944;NA;Jell-O Gallery Museum;1;4.5;129;5
-81.7520522;26.2660219;NA;Golisano Children's Museum of Naples;20;4.5;239;119
-74.0059413;40.7127837;NA;911 Ground Zero Tour;5;5.0;2,79;558
-94.56272539999999;39.0915663;1-2 hours ;American Jazz Museum;43;4.0;172;147
-87.8129352;42.5862081;NA;Kenosha Public Museum;2;4.5;125;27
-117.1510264;32.7311237;NA;Mingei International Museum;101;4.5;80;408
-92.0548335;32.511498;NA;Chennault Aviation and Military Museum;2;4.5;81;14
-85.9652686;37.8836637;NA;Patton Museum of Cavalry and Armor;1;3.5;159;2
-112.1141286;33.6470227;1-2 hours ;Martin Auto Museum;43;4.5;58;218
-98.8719843;30.2752011;NA;Admiral Nimitz State Historic Site;5;4.5;324;93
-103.5756148;43.9333241;NA;The Museum @ Black Hills Institute;3;4.5;153;26
-74.9271191;42.7157015;NA;Fenimore Art Museum;2;4.5;438;34
-96.32005579999999;41.018047;More than 3 hours ;Strategic Air Command & Aerospace Museum;1;4.5;318;9
-85.7614706;38.2183115;NA;The Speed Art Museum;27;4.5;86;160
-89.3864715;43.0750657;NA;Wisconsin Veterans Museum;11;4.5;175;93
-111.9797338;41.2207852;NA;Utah State Railroad Museum;6;4.5;64;41
-71.3943127;41.7878199;NA;Culinary Arts Museum;19;4.5;90;107
-90.3431978;41.5975762;NA;Buffalo Bill Museum;2;4.0;191;18
-105.0002242;39.7541032;NA;The Money Museum at the Federal Reserve Bank - Denver Branch;41;4.0;190;231
-80.0328492;40.4567337;NA;Bicycle Heaven;4;5.0;342;150
-68.2039739;44.3875773;NA;Abbe Museum;26;4.0;222;72
-86.60727220000001;30.4042035;NA;Indian Temple Mound and Museum;8;4.5;110;43
-92.2731402;34.7339587;<1 hour ;ESSE Purse Museum;13;4.5;100;86
-90.88165939999999;32.3517156;NA;Biedenharn Coca-Cola Museum;11;3.5;241;40
-122.2011432;47.6153704;NA;Bellevue Arts Museum (BAM);4;4.0;130;36
-118.3560378;34.0747904;NA;Los Angeles Museum of the Holocaust;63;4.5;105;502
-74.9232415;42.6997009;More than 3 hours ;National Baseball Hall of Fame and Museum;1;4.5;2,338;34
-87.2125736;30.40915619999999;NA;T.T. Wentworth Jr. Florida State Museum;22;4.0;87;103
-81.488366;40.524882;NA;Warther Museum;1;5.0;266;13
-76.3122612;37.0058284;NA;Fort Monroe's Casemate Museum;1;4.5;312;25
-77.24441230000001;39.8321372;1-2 hours ;Gettysburg Seminary Ridge Museum;11;4.5;386;95
-91.65761619999999;44.0596582;NA;Minnesota Marine Art Museum;1;5.0;284;30
-131.6435943;55.3425878;NA;Tongass Historical Museum;24;4.0;86;52
-90.0748701;35.123218;1-2 hours ;Metal Museum;26;4.0;206;147
-93.49796409999999;36.7130993;1-2 hours ;Veterans Memorial Museum;16;4.5;321;168
-90.06276369999999;29.9572584;NA;The Presbytere;30;4.5;496;319
-117.6693522;35.6304115;NA;Maturango Museum;1;4.5;71;8
-81.7651059;26.1260971;NA;Collier County Museum;33;4.5;97;119
-81.79302150000001;26.1428968;NA;Naples Depot Museum;26;4.5;124;119
-98.37335999999999;40.8837736;NA;Stuhr Museum of the Prairie Pioneer;1;4.5;147;16
-117.8190353;33.8894551;NA;Richard Nixon Presidential Library and Museum;1;4.5;476;5
-119.7683431;39.1484666;NA;Nevada State Railroad Museum;2;4.5;186;42
-72.0198478;44.4200506;NA;Fairbanks Museum and Planetarium;3;4.5;103;12
-119.8089704;39.5217158;More than 3 hours ;Terry Lee Wells Nevada Discovery Museum;9;4.5;154;120
-77.0291441;38.9001095;NA;National Museum of Women in the Arts;59;4.5;213;398
-112.4412901;42.8600319;NA;Museum of Clean;1;4.5;129;21
-97.7291965;30.2858055;NA;LBJ Presidential Library;3;4.5;1,714;296
-90.0528575;35.1487317;2-3 hours ;Mud Island River Park;16;4.0;679;147
-104.9807549;39.7375032;NA;Molly Brown House Museum;15;4.5;848;231
-94.5862454;39.0749606;NA;The Money Museum;23;4.0;273;147
-77.02550699999999;38.8879326;NA;National Museum of African Art;86;4.0;153;398
-111.7346582;33.45253;2-3 hours ;Commemorative Air Force Museum;2;4.5;269;57
-106.323819;42.8340951;NA;Tate Geological Museum;3;4.5;73;21
-87.6729641;41.8561698;1-2 hours ;National Museum of Mexican Art;80;4.5;126;614
-81.3151295;29.8915785;<1 hour ;Villa Zorayda Museum;41;4.5;264;164
-104.8213634;38.8338816;NA;Ghost Town Museum;32;3.5;198;134
-90.10254259999999;30.0103282;2-3 hours ;New Orleans City Park;8;4.5;2,988;319
-73.9382042;40.7879827;NA;Museum Mile;260;4.5;32;1,028
-121.9172563;37.8015087;1-2 hours ;Blackhawk Museum;1;4.5;211;14
-106.2934737;39.2511965;NA;National Mining Hall of Fame & Museum;1;4.5;205;37
-87.9027089;30.5237443;NA;Fairhope Museum;3;4.5;87;25
-82.7522221;27.898585;NA;Armed Forces History Museum;4;4.5;213;29
-92.2690198;34.7464092;NA;Historic Arkansas Museum;19;4.5;129;86
-95.2862215;29.647038;NA;1940 Air Terminal Museum;37;4.5;105;261
-97.4675918;35.5056216;NA;Oklahoma Railway Museum;40;4.0;43;118
-89.2062985;31.1943721;NA;Armed Forces Museum;2;5.0;49;18
-88.871802;30.3935469;1-2 hours ;Ohr-O'Keefe Museum of Art;16;4.0;204;52
-104.8313398;41.1508678;NA;Cheyenne Frontier Days Old West Museum;3;4.5;207;44
-78.868629;38.447779;NA;Explore More Discovery Museum;6;4.5;74;30
;;;;;;;
-71.11497729999999;42.3781623;NA;Peabody Museum of Archaeology and Ethnology;14;4.5;96;75
-95.3859956;29.7217095;More than 3 hours ;The Health Museum;58;3.5;113;261
-84.0707515;37.0155518;NA;Harland Sanders Cafe and Museum;3;4.0;296;10
-79.064253;43.0863601;NA;Niagara Wax Museum of History;23;3.5;61;58
-98.670059;35.54452;1-2 hours ;Stafford Air & Space Museum;1;5.0;98;5
-75.4564992;40.6067149;NA;America on Wheels Museum;2;4.5;226;34
-97.0489815;28.0264293;NA;Texas Maritime Museum;6;4.5;125;39
-82.5557508;35.5948365;<1 hour ;aSHEville Museum;8;4.5;92;100
-105.5040197;40.3747985;NA;Estes Park Museum;28;4.5;105;68
-82.0304859;26.8968035;NA;Muscle Car City Museum;2;4.5;403;52
-80.0095015;40.4406911;NA;Fort Pitt Museum;34;4.0;131;150
-117.1538745;32.7274775;NA;San Diego Automotive Museum;85;4.0;161;408
-132.3854364;56.47102349999999;NA;Wrangell Museum;5;4.5;84;15
-106.6991682;44.3482108;NA;Jim Gatchell Memorial Museum;3;4.5;85;15
-109.0565308;44.52634219999999;NA;Museum of the Plains Indian;7;5.0;193;54
-81.806039;26.1917113;NA;The Holocaust Museum & Education Center of Southwest Florida;11;4.5;170;119
-72.3864463;41.3513257;NA;Connecticut River Museum;2;4.5;120;11
-122.393585;37.7937938;NA;San Francisco Railway Museum;135;4.0;75;522
-90.05070110000001;35.1483605;NA;Fire Museum of Memphis;30;4.5;119;147
-84.3272197;33.7983632;NA;David J. Sencer CDC Museum;66;4.0;56;268
-155.6658568;19.5429151;NA;Hawaii Volcanoes National Park;1;4.5;4,797;20
-122.5799414;38.5788949;NA;Sharpsteen Museum;11;4.5;79;64
-94.34614839999999;32.7556764;NA;Jefferson Historical Museum;1;4.5;125;23
-72.68414609999999;41.9289672;NA;New England Air Museum;1;4.5;190;6
-92.5807231;37.1067189;NA;Laura Ingalls Wilder Historic Home and Museum;1;4.5;276;4
-90.4304789;42.4155767;NA;Galena / Jo Daviess County Historical Society and Museum;4;4.5;194;43
-119.9713548;37.4894244;NA;Mariposa Museum and History Center;1;4.5;119;16
-82.6305987;27.773945;NA;St. Petersburg Museum of History;37;3.5;117;120
-83.0335474;29.1361744;NA;Cedar Key Historical Society Museum;1;4.5;226;20
-76.9948699;38.8747798;NA;National Museum of the United States Navy;125;4.5;84;398
-90.6016911;41.5309114;2-3 hours ;The Putnam Museum & Science Center;3;4.5;151;35
-110.1501133;38.9950906;NA;John Wesley Powell River History Museum;4;4.5;103;10
-74.4485554;40.7958922;NA;Morris Museum;6;4.5;95;28
-87.7825842;42.7282616;NA;Racine Art Museum;7;4.5;60;27
-88.3816495;43.3202309;1-2 hours ;Wisconsin Auto Museum;2;4.5;42;14
-85.76177559999999;38.2567817;NA;21c Museum Hotel;14;4.5;178;160
-84.57200519999999;42.737853;NA;Michigan Historical Museum;3;4.5;128;68
-97.36877969999999;32.7432532;1-2 hours ;National Cowgirl Museum and Hall of Fame;19;4.5;152;145
-84.20245659999999;39.7658828;2-3 hours ;Dayton Art Institute;4;4.5;266;60
-87.60908010000001;41.89143199999999;1-2 hours ;Chicago Children's Museum;52;4.5;409;614
-120.143088;34.5923118;NA;Elverhoj Museum;6;4.5;74;50
-118.2506749;34.0533219;NA;The Museum of Contemporary Art;71;4.0;180;502
;;;;;;;
-122.403672;37.7860025;NA;Contemporary Jewish Museum;124;4.0;144;522
-117.1509842;33.4974625;NA;Temecula Museum;27;4.5;54;81
-83.92563040000002;35.9623102;NA;Knoxville Museum of Art;10;4.0;198;181
-93.68593100000001;32.5022413;More than 3 hours ;Barksdale Global Power Museum;5;4.0;124;60
-78.8244424;37.3712811;1-2 hours ;Museum of the Confederacy-Appomattox;2;4.5;160;5
-77.3355622;38.8630989;NA;NRA National Firearms Museum;1;4.5;261;19
-82.5513518;35.594646;NA;Asheville Art Museum;67;3.5;71;172
-77.471809;38.748469;NA;The Manassas Museum;2;4.0;94;28
-80.7941402;28.51876;NA;Valiant Air Command Warbird Museum;3;4.5;223;35
-93.3212586;44.9383201;NA;The Bakken Museum;34;4.5;72;198
-84.59877379999999;38.0329971;NA;The Aviation Museum of Kentucky;21;4.5;82;110
-79.8436796;32.764173;1-2 hours ;Fort Sumter National Monument;9;4.5;2,387;219
-122.350849;47.6215818;<1 hour ;Seattle Center;20;4.5;893;423
-116.4001724;33.7231529;NA;Palm Springs Art Museum in Palm Desert;8;4.5;128;50
-80.8454667;32.0221802;2-3 hours ;Tybee Island Lighthouse Museum;2;4.5;1,627;35
-95.24376559999999;38.9585612;NA;Biodiversity Institute & Natural History Museum;3;4.5;77;48
-106.720585;32.2998886;NA;New Mexico Farm and Ranch Heritage Museum;5;4.5;245;46
-79.9312218;32.780744;NA;Confederate Museum;61;4.0;187;219
-114.0619713;35.1904232;NA;Mohave Museum of History and Arts;6;4.5;100;21
-107.2526178;33.130038;NA;Geronimo Springs Museum;2;4.5;172;15
;;;;;;;
-76.48305789999999;42.4467049;NA;Johnson Museum of Art;11;4.5;131;54
-95.3781295;29.7359739;NA;Buffalo Soldiers National Museum;53;4.5;78;261
-111.9403254;33.6923299;NA;Penske Racing Museum;16;4.5;184;153
-73.9928695;40.72237519999999;NA;New Museum;248;3.5;189;1,028
-134.4112402;58.3018499;1-2 hours ;Juneau-Douglas City Museum;29;4.0;77;77
-76.4536522;37.0193952;NA;Virginia War Museum;6;4.5;102;32
-96.70183279999999;40.8199167;NA;University of Nebraska State Museum;8;4.5;113;60
-111.4611602;36.9196487;NA;John Wesley Powell Museum;13;4.0;105;49
-86.7805961;36.1724885;NA;Musicians Hall of Fame and Museum;35;4.5;279;238
-75.12615009999999;40.3085621;1-2 hours ;James A. Michener Art Museum;4;4.5;219;28
;;;;;;;
-89.38659;43.0744504;NA;Wisconsin Historical Museum;19;4.0;63;93
-118.1650573;33.7635033;NA;Long Beach Museum of Art;18;4.0;88;79
-86.8148046;33.5160139;NA;Birmingham Civil Rights Institute;2;4.5;701;85
-75.0800745;38.3403425;NA;Ocean City Life-Saving Station Museum;6;4.5;246;54
-84.5696531;33.227377;NA;Marietta Museum of History;6;4.5;78;37
-81.1015065;32.0754846;NA;Savannah Children's Museum;83;4.0;71;202
-90.05443509999999;35.1418771;NA;Belz Museum of Asian & Judaic Art;13;5.0;182;147
-107.6698203;38.0227985;NA;Ouray County Museum;10;4.5;117;36
-97.70492829999999;30.2975692;NA;Thinkery;23;4.5;244;296
-111.0422344;45.679651;1-2 hours ;Gallatin History Museum;9;4.5;60;59
-120.8442638;35.3531957;NA;Museum of Natural History;8;4.5;156;35
-77.91568629999999;34.1842069;1-2 hours ;Cameron Art Museum;18;4.0;96;105
-88.15597819999999;41.8549443;NA;First Division Museum at Cantigny;2;5.0;166;20
-149.8874806;61.1956428;NA;Wells Fargo History Museum;39;4.5;97;212
-99.29975739999999;38.8892355;NA;Sternberg Museum of Natural History;1;4.5;146;17
-73.20269150000001;42.7111863;NA;Williams College Museum of Art;2;4.5;170;18
-75.1391999;38.7740593;NA;Zwaanendael Museum;9;4.0;103;48
-83.73944589999999;43.328224;NA;Frankenmuth Historical Museum;9;4.0;145;21
-80.9223064;29.0257426;2-3 hours ;New Smyrna Museum of History;5;5.0;102;94
-81.3509416;28.5950986;NA;Cornell Fine Arts Museum;8;4.5;69;42
-115.7530258;40.84190359999999;NA;Northeastern Nevada Museum;2;4.5;77;12
-81.9535945;26.5616875;NA;Southwest Florida Military Museum & Library;4;4.5;129;46
-118.3174656;37.4048545;NA;Laws Railroad Museum;2;4.5;177;21
-82.74389889999999;28.1213321;1-2 hours ;Leepa-Rattner Museum of Art;11;4.5;61;40
-122.7177995;45.5084759;NA;Portland Children's Museum;35;4.5;266;433
-93.6091265;41.5906361;NA;State Historical Museum;14;4.5;115;57
-81.4202677;31.0700064;NA;Jekyll Island Museum;6;4.0;233;26
;;;;;;;
-81.3673008;28.5699932;NA;Mennello Museum of American Art;136;4.0;38;412
-106.7636538;32.3199396;NA;White Sands Missile Range;2;4.5;296;46
-108.2784182;32.7703688;NA;Silver City Museum;1;4.5;146;17
-76.2947938;36.8474975;NA;Hampton Roads Naval Museum;11;4.5;63;63
-69.6606515;44.56506230000001;NA;Colby College Museum of Art;1;5.0;113;10
-90.0660814;29.9646663;NA;Backstreet Cultural Museum;45;4.5;253;319
-85.88024639999999;41.7292697;1-2 hours ;RV/MH Hall of Fame and Museum;1;4.5;208;20
-81.31157569999999;29.8918644;NA;Spanish Military Hospital Museum;22;4.5;338;164
-159.715;21.9708333;NA;Kokee Natural History Museum;7;4.0;36;11
-109.073243;44.524982;NA;Draper Natural History Museum;9;5.0;115;54
-86.78376659999999;36.1576313;2-3 hours ;Frist Center for Visual Arts;25;4.5;598;238
-107.810773;37.9398;NA;Telluride Historical Museum;6;4.5;114;53
-106.3026213;35.88273909999999;NA;Los Alamos Historical Museum;4;4.5;170;18
-86.31067;32.3794619;NA;Hank Williams Museum;14;4.0;151;60
-80.44794999999999;27.85221;NA;McLarty Treasure Museum;7;4.5;194;66
-121.5049898;38.5848232;NA;Sacramento History Museum;19;4.0;81;160
-90.6458912;33.4496182;NA;B.B. King Museum and Delta Interpretive Center;1;5.0;175;4
-76.61985;39.2850588;NA;Geppi's Entertainment Museum;23;4.5;154;213
-112.458944;34.5435055;NA;Smoki Museum;14;4.5;75;66
-89.08820349999999;42.2773045;NA;Burpee Museum of Natural History;4;4.5;102;31
-75.4678502;40.60430849999999;NA;Allentown Art Museum;9;4.5;97;34
-98.1305263;29.6956732;NA;McKenna Children's Museum;8;4.5;127;66
-81.46122679999999;39.4214562;NA;Campus Martius Museum;1;4.5;73;19
-114.4408939;36.5314996;NA;Lost City Museum;3;4.5;92;7
-112.343652;43.189552;NA;Idaho Potato Museum;1;4.0;140;1
-97.7386914;30.267165;NA;Museum of The Weird;67;3.5;125;296
;;;;;;;
-80.2755451;25.7193051;NA;Lowe Art Museum;9;4.0;64;42
-110.9754202;32.2234059;More than 3 hours ;Tucson Museum of Art and Historic Block;29;4.0;154;265
-78.187781;38.1373577;1-2 hours ;Civil War Medical Museum;1;4.5;100;6
-111.8845147;40.758976;NA;The Leonardo Museum;29;4.0;150;140
-109.8859015;31.4198651;NA;Bisbee Mining & Historical Museum;2;4.5;281;30
-110.963835;32.231955;NA;Arizona State Museum;31;4.5;102;265
-73.9872278;40.7434446;2-3 hours ;National Museum of Mathematics;200;3.5;198;1,028
-107.6645057;37.811941;NA;San Juan County Historical Society;3;5.0;75;17
-109.8605286;42.8701341;NA;Museum of the Mountain Man;1;4.5;134;24
-112.0763495;33.4447714;NA;Phoenix Police Museum;45;4.5;56;218
-84.17236299999999;40.56444;NA;Armstrong Air & Space Museum;1;4.5;177;8
-105.9230377;32.9184858;NA;New Mexico Museum of Space History;3;4.0;364;19
-85.8202678;33.6965489;NA;Anniston Museum of Natural History;1;4.5;95;11
-104.2294196;34.4662492;NA;Billy the Kid Museum;1;4.0;127;4
-70.044854;41.29120400000001;NA;Nantucket Shipwreck & Lifesaving Museum;10;4.5;107;81
-118.395063;34.02588370000001;NA;Museum of Jurassic Technology;1;4.0;144;26
-78.9290316;35.99904739999999;NA;Nasher Museum of Art at Duke University;13;4.0;170;72